client_name,canonical_names
12 Urban Cafe Canggu (Price Indication),12 Urban Cafe Canggu (Price Indication)
25 Hours Hotel COPPA,25 Hours Hotel
25 Hours Hotel ODDBIRD,26 Hours Hotel
32 Do Bali Restaurant,32Do Bali
32Do Bali,32Do Bali
Abisena - All Day Dinning (disc 5%),Abisena
Abisena - Inroom & Amenities,Abisena
Abisena - Inroom and Amenities (Disc 5%),Abisena
Abisena - Lobby and Lounge (disc 5%),Abisena
Abisena All Day Dining,Abisena
Adiwana Jembawan,Adiwana Jembawan
Agave & Azul (PT Vatos Tamora Indonesia),Agave & Azul (PT Vatos Tamora Indonesia)
Age Butcher Bali,Age Butcher Bali
Akasa Kintamani,Akasa Kintamani
Alila Jakarta,Alila Jakarta
Alila Seminyak,Alila Seminyak
Alila Seminyak ,Alila Seminyak
Alila Seminyak  (Egg Cup),Alila Seminyak
Alila Seminyak (Oval Plate),Alila Seminyak
Alila Seminyak (Update),Alila Seminyak
Alila Seminyak - Lid ,Alila Seminyak
Alila Seminyak - Seasalt,Alila Seminyak
Alila Seminyak Sea Salt - Breakfast & Lunch,Alila Seminyak
Alila Seminyak Sea Salt - Dinner,Alila Seminyak
Alila Seminyak Sea Salt - Seafood Buffet,Alila Seminyak
Alila Seminyak Seasalt - Breakfast & Lunch ,Alila Seminyak
Alila Seminyak Seasalt - Seafood Buffet,Alila Seminyak
Alila Seminyak Sesalt - Dinner,Alila Seminyak
Alila Uluwatu,Alila Uluwatu
Alila Villas Uluwatu,Alila Uluwatu
Alila Villas Uluwatu (Creamer),Alila Uluwatu
Alila Villas Uluwatu - Creamer,Alila Uluwatu
Alila Villas Uluwatu - Sauce dish,Alila Uluwatu
Alila Villas Uluwatu CIRE,Alila Uluwatu
Alila Villas Uluwatu Cire,Alila Uluwatu
Alilla Seminyak Sea Salt - Beach Bar,Alila Seminyak
Amankila,Amankila
Amarterra Villas Bali Nusa Dua,Amarterra Villas Bali Nusa Dua
Andaz Bali,Andaz Bali
Andaz Bali (Creamer),Andaz Bali
Anna Kersova,Anna Kersova
Arna Beach Glamping ,Arna Beach Glamping 
Arya Sumba Resort,Arya Sumba Resort
Asa Maia,Asa Maia
Ayana After Rock,Ayana Bali
Ayana After Rock ,Ayana Bali
Ayana After Rock (Organic Plate),Ayana Bali
"Ayana Bali (6 Outlet - Updated with discount 8,62%)",Ayana Bali
Ayana Bali (Hand Soap Bottle for Spa),Ayana Bali
Ayana Bali (Sambal Dish & Tray),Ayana Bali
Ayana Bali Dava,Ayana Bali
Ayana Bali SPA (Hand Soap Bottle),Ayana Bali
Ayana Bento Box Sample,Ayana Bali
Ayana Dava (Bento Box),Ayana Bali
Ayana Dava - Bento Set (into 1 quote with other outlets),Ayana Bali
Ayana Dava - Toge  (into 1 quote with other outlets),Ayana Bali
Ayana Dava - Toge (Updated) (into 1 quote with other outlets),Ayana Bali
Ayana Hospitality,Ayana Hospitality
Ayana Hospitality (5 Outlet),Ayana Hospitality
Ayana Hospitality (Dava),Ayana Hospitality
Ayana Hospitality Bento Box (Sample),Ayana Hospitality
Ayana Jakarta Mid Plaza,Ayana Jakarta Mid Plaza
Ayana Karang,Ayana Bali
Ayana Karang ,Ayana Bali
Ayana Karang Restaurant,Ayana Bali
Ayana Karang Restaurant (sample),Ayana Bali
Ayana Kisik Restaurant,Ayana Bali
Ayana Kisik Restaurant (into 1 quote with other outlets),Ayana Bali
Ayana Kisik Restaurant SAMPLE,Ayana Bali
Ayana Mid Plaza  Jakarta,Ayana Jakarta Mid Plaza
Ayana Midplaza Jakarta ,Ayana Jakarta Mid Plaza
Ayana Padi (Cup),Ayana Bali
Ayana Padi (Rectangle Plate only) (into 1 quote with other outlets),Ayana Bali
Ayana Resort (Sald & Pepper),Ayana Bali
Ayana Rimba (Dava),Ayana Bali
Ayana Rimba (Toge),Ayana Bali
Ayana Rimba - Toge,Ayana Bali
Ayana Rimba Dava,Ayana Bali
Ayana Rock Bar,Ayana Bali
Ayana Rock Bar ,Ayana Bali
Ayana Sami Sami Restaurant,Ayana Bali
Ayana Sami Sami Restaurant (into 1 quote with other outlets),Ayana Bali
Ayana Segara ,Ayana Bali
BGS,BGS
BGS - Saucer,BGS
BGS Coffee,BGS
BGS Coffee (Updated),BGS
BGS Sample,BGS
Bakerman,Bakerman
Bakerman Ashta,Bakerman
Balcony ,Balcony 
Bali Asli,Bali Asli
Bali Dorm Villas - Joyce & Ralph,Bali Dorm Villas - Joyce & Ralph
Bali Good Food Catering,Bali Good Food Catering
Bali Meraki,Bali Meraki
Bali Radiance,Bali Radiance
Bali Radiance ,Bali Radiance
Bali Radiance (Four Season Jakarta),Bali Radiance
Bali Radiance (Four Season Jakata),Bali Radiance
Bali Radiance (Pump Only),Bali Radiance
Bali Radiance - FS Jimbaran,Bali Radiance
Bali Radiance - Four Season Jimbaran,Bali Radiance
Balikpapan Boga Utama,Balikpapan Boga Utama
Bambootel,Bambootel
Bambootel (updated Logo),Bambootel
Banyan Tree,Banyan Tree
Banyan Tree Buahan ,Banyan Tree
Banyan Tree Buahan (Show Plate),Banyan Tree
Banyan Tree Buahan Additional (sauce dish & teapot),Banyan Tree
Banyan Tree Buahan [Updated],Banyan Tree
Bar Vera Pererenan,Bar Vera Pererenan
Barbacoa,Barbacoa
Barbarossa,Barbarossa
Bawah Reserve,Bawah Reserve
Begawan Restaurant ,Begawan Restaurant 
Belmond Jimbaran Puri,Belmond Jimbaran Puri
Billy Ho,Billy Ho
Blanche Bistro,Blanche Bistro
Bodas Dessert Bar,Bodas Dessert Bar
Bodass Dessert Bar,Bodas Dessert Bar
Boga Utama All outlet,Boga Utama
Bokashi,Bokashi
Bokashi ,Bokashi
Bokashi  (Teapot),Bokashi
Bokashi (Incense Holder),Bokashi
Bokashi - Pererenan,Bokashi
Bokashi Berawa,Bokashi
Bokashi Berawa (Incense Holder),Bokashi
Bokashi Berawa (Teapot),Bokashi
Bokashi Pererenan,Bokashi
Bokashi Pererenan (Coupe Bowl),Bokashi
Bottega,Bottega
Bottega (Revisi),Bottega
Boy and Cow,Boy and Cow
Buahan A Banyan Tree Seascape,Banyan Tree
Buahan Banyan Tree ,Banyan Tree
"Buahan, Banyan Tree Escape",Banyan Tree
Budi Susanti - Personal Order,Budi Susanti - Personal Order
Budi Susanti -Personal Order,Budi Susanti - Personal Order
Buzo Salazon,Buzo Salazon
Buzo Salazon (Will Meyrick),Buzo Salazon
Bvlgari,Bvlgari
Bvlgary,Bvlgari
Bvlgary Bali,Bvlgari
Bvlgary SAMPLE,Bvlgari
CV Bali Boga Utama Jimbaran,Bali Boga Utama
CV Cipaku Boga Utama,Cipaku Boga Utama
CV Makasar Boga Utama,Makasar Boga Utama
CV Palembang Boga Utqma,Palembang Boga Utama
CV Pasar Tani Indoguna,CV Pasar Tani Indoguna
CV Surabaya Boga Utama,Surabaya Boga Utama
CV. Bali Boga Utama,Bali Boga Utama
CV. Bandung Boga Utama,Bandung Boga Utama
CV. Cipaku Boga Utama,Cipaku Boga Utama
CV. Makasar Boga Utama,Makasar Boga Utama
CV. Palembang Boga Utama,Palembang Boga Utama
CV. Pasar Tani Indoguna,CV Pasar Tani Indoguna
CV. Surabaya Boga Utama ,Surabaya Boga Utama
Cafe Kistune ,Cafe Kistune 
Canton PIK,Canton PIK
Cap Karoso,Cap Karoso
Cap Karoso Julang,Cap Karoso
Cap Karoso Julang (Updated Disc 5%),Cap Karoso
Capella Taipei,Capella Taipei
Capella Ubud,Capella Ubud
Capella Ubud (Teapot),Capella Ubud
Cempaka (Lesley Campbell) - SAMPLE,Cempaka
Cempaka (Updated),Cempaka
Chella Uluwatu,Chella Uluwatu
Chella Uluwatu ,Chella Uluwatu
Chroma Hospitality - Inroom Amenities ,Chroma Hospitality
Cush Cush Gallery ,Cush Cush Gallery 
Da Maria,Da Maria
Da Maria - Sample,Da Maria
Dali & Jennifer,Dali & Jennifer
Dine and Chat Jambi,Dine and Chat Jambi
Double tree by hilton ,Double tree by hilton 
Dragonfly Villa,Dragonfly Villa
Dragonfly Villa SAMPLE,Dragonfly Villa
Dragonfly Villla,Dragonfly Villa
Dragonfly wooden spoon,Dragonfly Villa
Drifter,Drifter
Drifter ,Drifter
Drifter Additional,Drifter
Driss Tabbakalt,Driss Tabbakalt
Earth Island Bali,Earth Island Bali
Eden - Additional,Eden
Eliza Bonosusatya - Personal Order,Eliza Bonosusatya - Personal Order
Expat,Expat
Expat ,Expat
Fairmont Jakarta,Fairmont Jakarta
Fairmont Jakarta ,Fairmont Jakarta
Fieldwork,Fieldwork
Fieldworks - Mandarin Oriental MUR [SAMPLE],Fieldwork
Fieldworks - Mandarin Oriental for Suite [SAMPLE],Fieldwork
Filedwork (Sample),Fieldwork
Filinvest,Filinvest
Filinvest - Crimson Resorts and Spa Mactan,Filinvest
Flores Runaway,Flores Runaway
Four Season Ayung Teras,Four Season Sayan
Four Season Hotel Jakarta SPA,Four Season Jakarta
Four Season Jakarta SPA,Four Season Jakarta
Four Season Jakarta SPA - Additional,Four Season Jakarta
Four Season Jakarta Spa - Additional,Four Season Jakarta
Four Season Jimbaran,Four Season Jimbaran
Four Season Jimbaran - Sundara,Four Season Jimbaran
Four Season Jimbaran SPA,Four Season Jimbaran
Four Season Jimbaran Sundara,Four Season Jimbaran
Four Season Jimbaran Taman Wantilan,Four Season Jimbaran
Four Season Langkawi,Four Season Langkawi
Four Season Sayan,Four Season Sayan
Four Season Sayan - IVD and Banquet,Four Season Sayan
Four Season Sayan - Western Breakfast,Four Season Sayan
Four Season Sayan - Western Breakfast (215),Four Season Sayan
Four Season Sayan - Western Breakfast (306),Four Season Sayan
Four Season Sayan - Western Breakfast (916),Four Season Sayan
Four Season Sayan Ayung Terace,Four Season Sayan
Four Season Sayan Ayung Teras,Four Season Sayan
Four Season Sayan Ayung Teras - Riverside (221),Four Season Sayan
Four Season Sayan IVD,Four Season Sayan
Four Season Sayan SPA,Four Season Sayan
Four Seasons Jakarta Spa ,Four Seasons Jakarta
Four Seasons Sayan (UBU0156278),Four Season Sayan
Four Seasons Sayan SPA,Four Season Sayan
French Kiss (PT Jeevawasa),French Kiss
French Kiss SAMPLE,French Kiss
Further Hotel,Further Hotel
GAB's Gastro Bar,GAB's Gastro Bar
Ghost Panther,Ghost Panther
Gili Meno - Bask,Gili Meno - Bask
Ginger Moon,Ginger Moon
Gingermoon,Ginger Moon
Gio Private Villa,Gio Private Villa
Gio's Private Villa Canggu,Gio Private Villa
Grand Hyatt Jakarta,Grand Hyatt Jakarta
Grand Hyatt Jakarta (Handle Teapot),Grand Hyatt Jakarta
Grand Hyatt Kuwait,Grand Hyatt Kuwait
Grand Melia Bali,Grand Melia Bali
Greek Restaurant,Greek Restaurant
Greek Restaurant In Uluwatu,Greek Restaurant
Hamish & Raisa,Hamish & Raisa
Handara Golf & Resort Bali,Handara Golf & Resort Bali
Handara Golf Handara ,Handara Golf & Resort Bali
Hilton Bali,Hilton Bali
Hilton Bali (Sake Set),Hilton Bali
Hilton Bali Lounge,Hilton Bali
Hilton Bali Sake Set updated,Hilton Bali
Hiyoko,Hiyoko
Hiyoko 2.0 Jakarta,Hiyoko
Holiday Inn Benoa,Holiday Inn Benoa
Holiday Inn Benoa (Additional - Salad Bowl),Holiday Inn Benoa
Holiday Inn Benoa (Additional Milk Jug),Holiday Inn Benoa
Holiday Inn Benoa (Updated pcs),Holiday Inn Benoa
Holiday Inn Benoa Additional,Holiday Inn Benoa
Hotel Permana Hijau,Hotel Permana Hijau
Hujan Locale,Hujan Locale
Hujan Locale ,Hujan Locale
Hujan Locale (Bowl Shrimp),Hujan Locale
Ibu Ming (Elaine),Ibu Ming (Elaine)
Indigo Bandung ,Indigo Bandung 
Indigo Bandung (Moodboard),Indigo Bandung 
Indigo Bintan,Indigo Bintan
Indigo Bintan - Chinese Tea,Indigo Bintan
Indigo Bintan - Ocean Beach,Indigo Bintan
Indigo Bintan - Ocean Kitchen,Indigo Bintan
Indigo Bintan - Satay Bar,Indigo Bintan
Indigo Bintan - TIKI,Indigo Bintan
Indigo Bintan Chinese Additional,Indigo Bintan
Indigo Bintan Chinesse Tea - Additional,Indigo Bintan
Indigo Hotel Seminyak,Indigo Seminyak
Indigo Seminyak,Indigo Seminyak
Indigo Seminyak ,Indigo Seminyak
Indigo Seminyak (Oval Plate),Indigo Seminyak
Indigo Seminyak (SAMPLE - New Items For Makase Outlet),Indigo Seminyak
Indigo Seminyak - Urchin Bowl,Indigo Seminyak
Indigo Seminyak Japanese,Indigo Seminyak
InterContinental Jimbaran,Intercontinental Bali
Intercontinental Bali,Intercontinental Bali
Intercontinental Bali Resort,Intercontinental Bali
Intercontinental Bandung,Intercontinental Bandung
Intercontinental Bandung ,Intercontinental Bandung
Intercontinental Jimbaran,Intercontinental Bali
Intercontinental Jimbaran ,Intercontinental Bali
Ismaya Jakarta - Charcoal,Ismaya Jakarta
Ismaya Jakarta - Skye,Ismaya Jakarta
Ismaya Jakarta Charcoal (Prima Fenomena Jaya),Ismaya Jakarta
Ismaya Jakarta Skye,Ismaya Jakarta
Ismaya Social Garden,Ismaya Jakarta
Japa Ubud,Japa Ubud
Jeffrey Grimes,Jeffrey Grimes
Jin Joo,Jin Joo
Jinjoo,Jin Joo
Joali Maldives - In Villa Dining ,Joali Maldives
Joyce and Ralph,Joyce and Ralph
Jumeirah Bali,Jumeirah Bali
Jumeirah Bali ,Jumeirah Bali
Jumeirah Bali  - Akasa Flame ,Jumeirah Bali
Jumeirah Bali (All Day Dining),Jumeirah Bali
Jumeirah Bali (Cloche),Jumeirah Bali
Jumeirah Bali (Cloche) SAMPLE,Jumeirah Bali
Jumeirah Bali (Creamer),Jumeirah Bali
Jumeirah Bali (New Pasta Bowl),Jumeirah Bali
Jumeirah Bali (Pasta Bowl - Updated),Jumeirah Bali
Jumeirah Bali (Pasta Bowl),Jumeirah Bali
Jumeirah Bali (SAMPLE - In-room Cloche),Jumeirah Bali
Jumeirah Bali (Small Teapot),Jumeirah Bali
Jumeirah Bali (Teapot),Jumeirah Bali
Jumeirah Bali SAMPLE,Jumeirah Bali
Jumierah Bali - Akasa Flame Grill,Jumeirah Bali
Kafe Ubud,Kafe Ubud
Kaia Restaurant,Kaia Restaurant 
Kaia Restaurant ,Kaia Restaurant 
Kala Uluwatu,Kala Uluwatu
Kanvaz Patisserie,Kanvaz Patisserie
Kebun Bistro,Kebun Bistro
Kebun Bistro (SAMPLE),Kebun Bistro
Kebun Bistro SAMPLE,Kebun Bistro
Keraton,Keraton
Keraton At The Plaza (SAMPLE),Keraton
Keraton Jakarta,Keraton
Keraton Mid Plaza,Keraton
Kiros Hospitality,Kiros Hospitality
Ku De Ta,Ku De Ta
Ku De Ta ,Ku De Ta
Ku De Ta (Bowl),Ku De Ta
Ku De Ta (Sharing Plate),Ku De Ta
Ku De Ta (Teapot),Ku De Ta
KuDeTa,Ku De Ta
Kudeta (Creme Brulee),Ku De Ta
Kudeta (creme brulee),Ku De Ta
LXR,LXR
La Brisa,La Brisa
La Brisa - Teapot,La Brisa
La Favella,La Favella
La Favella (Side Plate),La Favella
La Plancha,La Plancha
La Plancha (New Cup),La Plancha
La Reserve,La Reserve
Langham The Tom's,Langham
Langham and Morimoto ,Langham
Le Meridien Jakarta,Le Meridien Jakarta
Le Reserve Bali,Le Reserve Bali
Little Lane,Little Lane
Locavore Made from Waste,Locavore
Locavore NXT,Locavore
Lombok Lodge,Lombok Lodge
Luna Beach Hotel,Luna Beach Hotel
Luna Beach Hotel ,Luna Beach Hotel
Luna Beach Hotel - Chopstick,Luna Beach Hotel
Luxury Collection Laboan Bajo - Tiffin Box,Luxury Collection Laboan Bajo
Luxury Collection Lombok,Luxury Collection Lombok
MBS - Fieldcrest,MBS - Fieldcrest
MG Hotel Supplies LLC ,MG Hotel Supplies LLC 
MG Hotel Supplies LLC - Royal Atlantis,MG Hotel Supplies LLC 
Mactan Seascapes Services,Mactan Seascapes Services
Made By Rumah,Made By Rumah
Made By Rumah SAMPLE,Made By Rumah
Made by Umah,Made By Rumah
Mama San,Mama San
Mamasan,Mama San
Mamasan (Good Stock),Mama San
Mana Uluwatu,Mana Uluwatu
Mana Uluwatu ,Mana Uluwatu
Mandara SPA,Mandara SPA
Mandara Spa ,Mandara SPA
Mandarin Oriental,Mandarin Oriental
Mandarin Oriental Bali,Mandarin Oriental
Mandarin Oriental Bali - Ashtray SAMPLE,Mandarin Oriental
Mandarin Oriental Bali SAMPLE,Mandarin Oriental
Marea,Marea
Margaret Bistro Canggu,Margaret Bistro Canggu
Mari Beach Club,Mari Beach Club
Mason,Mason
Mason Uluwatu,Mason Uluwatu
Maya Sanur,Maya Sanur
Maya Sanur ,Maya Sanur
Maya Sanur RUE,Maya Sanur
Maya Tree Bar Sanur,Maya Sanur
Maya Tree Bar Sanur - Breakfast,Maya Sanur
Maya Tree Bar Sanur - Breakfast Additional,Maya Sanur
Maya Tree Bar Ubud,Maya Ubud
Maya Ubud,Maya Ubud
Maya Ubud (Cups & Saucer),Maya Ubud
Maya Ubud - Flower Vases for HK (SAMPLE),Maya Ubud
Maya Ubud - High dish,Maya Ubud
Maya Ubud Cups,Maya Ubud
Maya Ubud SAMPLE,Maya Ubud
Maya Ubud SAMPLE Vase,Maya Ubud
Maya Ubud Vases ,Maya Ubud
Maya Ubud Vases SAMPLE,Maya Ubud
Melia Bali - Japanese,Melia Bali
Melia Bali - Pesetas,Melia Bali
Melia Bali - Samira,Melia Bali
Menjangan Dynasty,Menjangan Dynasty
Menjangan Dynasty Resort,Menjangan Dynasty
Meru Sanur Repeat ,Meru Sanur
Mexicola Canggu,Mexicola Canggu
Mexicola Seminyak,Mexicola Seminyak
Micha Sanubari,Micha Sanubari
Micha Sanubari [Updated],Micha Sanubari
Michael Lorenti - Additional,Michael Lorenti
Michael Lorenti - Decorative,Michael Lorenti
Michael Lorenti - Personal Order,Michael Lorenti
Milano Canggu (White Goose Boutique Hotel),Milano Canggu (White Goose Boutique Hotel)
Milk Bar,Milk Bar
Milk Bar ,Milk Bar
Milk and Madu - Uluwatu,Milk and Madu Uluwatu
Milk and Madu Additional,Milk and Madu Berawa
Milk and Madu Beach Road,Milk and Madu Berawa
Milk and Madu Berawa,Milk and Madu Berawa
Milk and Madu Ubud,Milk and Madu Ubud
Milk and Madu Uluwatu,Milk and Madu Uluwatu
Mimosa - Four Season Nam Hai,Four Season Nam Hai
Mimpi Resort Menjangan,Mimpi Resort Menjangan
Miss Fish,Miss Fish
Miss Fish ,Miss Fish
Miss Fish Bali -Teapot,Miss Fish
Monokuro,Monokuro
Monokuro (New),Monokuro
Motel Mexicola,Mexicola Seminyak
Motel Mexicola (Good Stock),Mexicola Seminyak
Motel Mexicola - BnB Plate,Mexicola Seminyak
Motel Mexicola Canggu,Mexicola Canggu
Motel Mexicola Seminyak,Mexicola Seminyak
Motel Mexicola Seminyak - New Range,Mexicola Seminyak
Mozaic Ubud,Mozaic Ubud
Nam Heong,Nam Heong
Naughty Nuri's,Naughty Nuri's
Nawa Laboan Bajo - All Day Dinning Option 1 ,Nawa Laboan Bajo
Nawa Laboan Bajo - All Day Dinning Option 2,Nawa Laboan Bajo
Nawa Laboan Bajo - Bathroom amenities,Nawa Laboan Bajo
Nawa Laboan Bajo - Beach Restaurant,Nawa Laboan Bajo
Nawa Laboan Bajo - Ibu Tuti,Nawa Laboan Bajo
New World Phu Quoc - Mimosa,New World Phu Quoc
Nihi Rote,Nihi Rote
Nihi Rote - Tea Set,Nihi Rote
Nihi Rote Additional,Nihi Rote
Nihi Rote Sardine,Nihi Rote
Nihi Sumba,Nihi Sumba
Nihi Sumba ,Nihi Sumba
Nihi Sumba (BnB Plate),Nihi Sumba
Nihi Sumba (Bnb Plate),Nihi Sumba
Nihi Sumba (Candle Holder),Nihi Sumba
Nihi Sumba (Clay Pot),Nihi Sumba
Nihi Sumba (Curry Bowl),Nihi Sumba
Nihi Sumba (Espresso Cup & Saucer),Nihi Sumba
Nihi Sumba (Espresso cup brown engobe),Nihi Sumba
Nihi Sumba (Espresso cup line pattern),Nihi Sumba
Nihi Sumba (F&B Outlet),Nihi Sumba
Nihi Sumba (LAMP),Nihi Sumba
Nihi Sumba (Milk Pitcher),Nihi Sumba
Nihi Sumba (Mug),Nihi Sumba
Nihi Sumba (Sugar Bowl),Nihi Sumba
"Nihi Sumba (Sugar Bowl, Wooden Spoon & Wooden Tray)",Nihi Sumba
Nihi Sumba (Sugar Container),Nihi Sumba
Nihi Sumba - Butter Dish,Nihi Sumba
Nihi Sumba - Inroom ,Nihi Sumba
Nihi Sumba - Kaboku,Nihi Sumba
Nihi Sumba - Sugar Container (revision),Nihi Sumba
Nihi Sumba BnB Plate,Nihi Sumba
Nihi Sumba Kaboku,Nihi Sumba
Nihi Sumba Milk Pitcher,Nihi Sumba
Nihi Sumba SAMPLE,Nihi Sumba
Nihii Rote Tea Set,Nihi Rote
Novotel Bali Benoa,Novotel Bali Benoa
Nusa Dua Beach - Additional,Nusa Dua Beach Hotel 
Nusa Dua Beach Hotel,Nusa Dua Beach Hotel 
Nusa Dua Beach Hotel ,Nusa Dua Beach Hotel 
Nusa Dua Beach Hotel & SPA,Nusa Dua Beach Hotel 
Nusa Dua Beach Hotel (Welcome Drink),Nusa Dua Beach Hotel 
Nusa Dua Beach Hotel (new order),Nusa Dua Beach Hotel 
Nusa Dua Beach Hotel - Additional,Nusa Dua Beach Hotel 
Nusa Dua Beach Hotel Additional,Nusa Dua Beach Hotel 
Nusa Penida Beach Resort - Inroom,Nusa Penida Beach Resort
Nusa Penida Beach Resort - Restaurant,Nusa Penida Beach Resort
Nusantara Ubud,Nusantara Ubud
Oberoi Bali,Oberoi Bali
Omma Bali ,Omma Bali 
Omma Day Club Bali,Omma Bali 
Ootoya Jakarta,Ootoya Jakarta
Optimist Pererenan,Optimist Pererenan
Optimist Pererenan - Additional,Optimist Pererenan
PT Indoguna RnB Steak,PT Indoguna Utama
PT Indoguna Utama,PT Indoguna Utama
PT Lombok Kulina Utama,PT Lombok Kulina Utama
PT Wakatobi Resort,PT Wakatobi Resort
Pablo Long Time Asian Restaurant ,Pablo Long Time
Pablo Long Time Restaurant (Oval Plate),Pablo Long Time
Pablo Long Time Restaurant (Sake Set),Pablo Long Time
Pablo Long Time Restaurant - Additional,Pablo Long Time
Pablo Long time Asian Restaurant (Oval Plate),Pablo Long Time
Pablo Longtime Restaurant,Pablo Long Time
Pablo Longtime Restaurant (Cup),Pablo Long Time
Pablo Longtime Restaurant - Additional,Pablo Long Time
Pablo Longtime Restaurant - Cup,Pablo Long Time
Padma Ubud,Padma Ubud
Pahdi Speciality Coffee (New),Pahdi Speciality Coffee
Pahdi Speciality Coffee - BBQ,Pahdi Speciality Coffee
Pak Dio Personal Order,Pak Dio Personal Order
Pan Pacific Hotel (Park Royal) - Keyaki,Pan Pacific Hotel
Pan Pasicif (Park Royal) - Keyaki,Pan Pacific Hotel
Pan Pasific Good Stock,Pan Pacific Hotel
Paola Buendia,Paola Buendia
Park Hyatt Jakarta,Park Hyatt Jakarta
Park Hyatt Jakarta ,Park Hyatt Jakarta
Park Hyatt Jakarta (Lotus Decoration & Plate Stand),Park Hyatt Jakarta
Park Hyatt Jakarta (Plates Additional),Park Hyatt Jakarta
Potato Head,Potato Head
R&B Steak Bali,R&B Steak Bali
R&B Steak Palembang,R&B Steak Palembang
Raffles Bahrain,Raffles Bahrain
Raffles Bali,Raffles Bali
Raffles Bali (Ashtray),Raffles Bali
Raffles Hotel Singapore,Raffles Singapore 
Raffles Singapore ,Raffles Singapore 
Rayjin,Rayjin
Rayjin Bali,Rayjin
Regen Canggu Ashtray & Dulang,Regen Canggu
Regent Canggu (Reed Diffuser),Regen Canggu
Regent Canggu (Welcome Drink Tray),Regen Canggu
Regent Canggu - All Day Dining,Regen Canggu
Regent Canggu Ashtray,Regen Canggu
Regent Canggu Inroom Self Decoration - Bedroom Suites,Regen Canggu
Regent Canggu Inroom Self Decoration - Studio Suites,Regen Canggu
Regent Canggu Mini Bar,Regen Canggu
Regent Canggu Public Area,Regen Canggu
Regent Canggu Public Area Bathroom,Regen Canggu
Regent Canggu TIKI,Regen Canggu
Regent Canggu VIP Amenities,Regen Canggu
Regent Canggu Vanity Counter,Regen Canggu
Regent Canggu Welcome drinks tray,Regen Canggu
Renarte,Renarte
Revolver Airport - Domestic,Revolver Airport
Revolver Airport - International,Revolver Airport
Revolver Airport Domestic,Revolver Airport
Revolver Airport International,Revolver Airport
Revolver International Airport,Revolver Airport
Revolver Seminyak,Revolver Seminyak
Revolver Umalas,Revolver Umalas
Revolver Umalas SAMPLE,Revolver Umalas
Ritz Carlton Bahrain - Cantina Kahlo,Ritz Carlton Bahrain
Ritz Carlton Bali (Oil Burner),Ritz Carlton Bali
Ritz Carlton Bali (repeat order),Ritz Carlton Bali
Ritz Carlton Bali Beach Grill,Ritz Carlton Bali
Ritz Carlton Bali Bejana,Ritz Carlton Bali
Ritz Carlton Mega Kuningan,Ritz Carlton Mega Kuningan
Ritz Carlton Nusa Dua - Inroom,Ritz Carlton Bali
Ritz-Carlton Pacific Place Jakarta,Ritz-Carlton Pacific Place Jakarta
Riviera Cafe,Riviera Cafe
Riviera Pererenan,Riviera Pererenan
Riviera Pererenan (Sharing Plate),Riviera Pererenan
Riviera Pererenan Additional (Peanut Bowl),Riviera Pererenan
Riviera Pererenan Cup,Riviera Pererenan
Riviera Pererenan Peanut Bowl,Riviera Pererenan
Rosewood Hotel Doha,Rosewood Hotel Doha
Roso Meru Restaurant,Meru Sanur
ST Regis Bali (SAMPLE),St Regis Bali
Samabe,Samabe
Samabe Luxury Resort,Samabe
Samanvaya,Samanvaya
Samanvaya Additional,Samanvaya
Samara Boat,Samara Boat
Samara Lombok ,Samara Lombok 
Santanera,Santanera
Sardine,Sardine
Savaya (Café Kitsune),Savaya
Sazon,Sazon
Sazon SAMPLE (Wine Bucket),Sazon
Seniman Coffee,Seniman Coffee
Sharon Frances,Sharon Frances
Shelter - Pererenan,Shelter Pererenan
Shelter - Salt and pepper,Shelter Pererenan
Shelter Canggu,Shelter Pererenan
Shelter Canggu - Saucer,Shelter Pererenan
Shelter Cocktail Range,Shelter Pererenan
Shelter Pererenan,Shelter Pererenan
Shelter Pererenan ,Shelter Pererenan
Shelter Pererenan (Item Sharing Plate),Shelter Pererenan
Shelter Pererenan - Additional ,Shelter Pererenan
Shelter Pererenan - Cocktail Range,Shelter Pererenan
Shelter Pererenan - Saucer ,Shelter Pererenan
Shelter Seminyak,Shelter Seminyak
Shelter Seminyak (Ramekin),Shelter Seminyak
Sheraton Melbourne Hotel,Sheraton Melbourne Hotel
ShiShi Seminyak,ShiShi Seminyak
Si Jin,Si Jin
Sijin,Si Jin
Sijin (Kalpataru),Si Jin
Silolona,Silolona
Simon & Son's,Simon & Son's
Simon & Son's SAMPLE,Simon & Son's
Simon & Sons,Simon & Son's
Sindalah Autograph,Sindalah
Sindalah Luxury ,Sindalah
Six Sense Fiji,Six Sense Fiji
Six Sense Kanuhura (Pump),Six Sense Kanuhura
Six Sense London Bamboo Retail,Six Sense London
Six Sense London Bamboo SPA,Six Sense London
Six Sense London Link,Six Sense London
Six Sense Residence London,Six Sense London
Six Sense Southern Dunes - Inroom,Six Sense Southern Dunes
Six Sense Uluwatu,Six Sense Uluwatu
Six Sense Uluwatu (Pump),Six Sense Uluwatu
Six Senses Krabey (Updated),Six Sense Uluwatu
Six Senses Uluwatu,Six Sense Uluwatu
Six Senses Uluwatu ,Six Sense Uluwatu
Six Senses Uluwatu (New Bottle),Six Sense Uluwatu
Six Senses Uluwatu (Pump),Six Sense Uluwatu
Sofitel,Sofitel
Soichiro,Soichiro
Soichiro (Sake Set),Soichiro
Solana,Solana
Solana Retreat Ubud,Solana
St Regis Bali,St Regis Bali
St Regis Bali SAMPLE,St Regis Bali
St Regis Jakarta,St Regis Jakarta
St Regis Jakarta (Japanese Restaurant) Pak Tommy,St Regis Jakarta
St Regis Jakarta SAMPLE,St Regis Jakarta
Suarga,Suarga
Suarga (Defuser),Suarga
Suarga - Defuser,Suarga
Suarga Padang Padang,Suarga
Sudamala Resort,Sudamala Resort
Surasang Restaurant,Surasang Restaurant
Sushi Tei Bandung,Sushi Tei Bandung
Swissotel Jakarta,Swissotel Jakarta
Swissotel Jakarta (Chinesse Tea Pot),Swissotel Jakarta
Swissotel PIK Jakarta,Swissotel Jakarta
TS Suites Seminyak (Price Indication),TS Suites Seminyak
Tabula Rasa Lombok (Updated),Tabula Rasa Lombok
Tabula Rasa Lombok - BAR,Tabula Rasa Lombok
Tabula Rasa Lombok - Beach,Tabula Rasa Lombok
Tabula Rasa Lombok - Lunch & Dinner ,Tabula Rasa Lombok
Tabula Rasa Lombok SAMPLE,Tabula Rasa Lombok
Tabula Rasa SAMPLE,Tabula Rasa Lombok
Tanadewa,Tanadewa
Tanadewa Ubud,Tanadewa
Tejaprana Bisma,Tejaprana Bisma
Tejaprana Bisma Ubud (HK),Tejaprana Bisma
Tejaprana Resort and Spa - FBS,Tejaprana Resort and Spa
Tejaprana Resort and Spa - HK,Tejaprana Resort and Spa
Tejaprana Resort and Spa - Kitchen,Tejaprana Resort and Spa
The Apurva Kempinski Bali - Additional,The Apurva Kempinski Bali
The Apurva Kempinski Bali - Koral,The Apurva Kempinski Bali
The Apurva Kempinski Bali - Koral Additional,The Apurva Kempinski Bali
The Apurva Kempinski Bali - Oku,The Apurva Kempinski Bali
The Apurva Kempinski Bali - Oku Additional,The Apurva Kempinski Bali
The Apurva Kempinski Bali - Reef,The Apurva Kempinski Bali
The Apurva Kempinski Bali - Reef ,The Apurva Kempinski Bali
The Apurva Kempinski Bali - Reef Additional,The Apurva Kempinski Bali
The Apurva Kempinski Bali - Selasar,The Apurva Kempinski Bali
The Apurva Kempinski Bali - Selasar Additional,The Apurva Kempinski Bali
The Apurva Kempinski Bali Koral,The Apurva Kempinski Bali
The Apurva Kempinski Bali Koral (SAMPLE),The Apurva Kempinski Bali
The Cave,The Cave
The Damai Hotel,The Damai Hotel
The Edge,The Edge
The Edge (Ramekin Dish),The Edge
The Edge (cone),The Edge
The Kayon Ubud,The Kayon Ubud
The Kemilau ,The Kemilau 
The Laguna,The Laguna
The Laguna Hotel Bali,The Laguna
The Langham Jakarta,Langham
The Lemon Tree Curacao (2 Outlet),The Lemon Tree Curacao
The Lemon Tree Curcao - Chef's Table,The Lemon Tree Curacao
The Lemon Tree Curcao - Momo Restaurant,The Lemon Tree Curacao
The Lynx Jakarta,The Lynx Jakarta
The Melia Sante (Moodboard),The Melia Sante
The Meru - Add Item ,Meru Sanur
The Meru - Repeat Item,Meru Sanur
The Meru Decorative,Meru Sanur
The Meru Sanur ,Meru Sanur
The Meru Sanur - Decorative,Meru Sanur
The Oberoi Bali,The Oberoi Bali
The Oberoi Sample Candle,The Oberoi Bali
The Ritz Carlton Maldives ,Ritz Carlton Maldives 
The Ritz Carlton Maldives - Inroom,Ritz Carlton Maldives 
The Ritz Carlton Maldives Decoration,Ritz Carlton Maldives 
The Royal Purnama ,The Royal Purnama 
The Sanubari,The Sanubari
The Sourcing Bali,The Sourcing Bali
The Westin - Ikan,The Westin
The Westin Ikan (Wine Bucket),The Westin
The Westin Nusa Dua,The Westin
The Westin Nusa Dua (Cup Set),The Westin
The Westin Nusa Dua (Cup and Saucer),The Westin
The Westin Nusa Dua (Hamabe),The Westin
The Westin Nusa Dua (SAMPLE),The Westin
The Westin Nusa Dua - Ikan Restaurant,The Westin
The Westin Nusa Dua Ikan Additional,The Westin
The Westin Resort Nusa Dua,The Westin
Three Monkeys Sanur,Three Monkeys Sanur
Ulekan,Ulekan
Ulu Garden (Updated),Ulu Garden
Ulu Garden (new items for Tribe - without Large Bowl),Ulu Garden
Ulu Garden Tribe,Ulu Garden
Umalas Hotel Siganature - Aroi,Umalas Hotel Siganature
Umalas Hotel Siganature - Baka,Umalas Hotel Siganature
Umalas Hotel Siganature - Celeste,Umalas Hotel Siganature
Viktoria Forina,Viktoria Forina
Wakatobi ,Wakatobi 
Wakatobi SAMPLE,Wakatobi 
Waterbom,Waterbom
Waterbom (Cup),Waterbom
Wolf Gang Puck,Wolf Gang Puck
Wolf Gang Puck ,Wolf Gang Puck
Wolf Gang Puck Airport (Sample),Wolf Gang Puck
Wolf Gang Puck Sample,Wolf Gang Puck
WolfGang Puck,Wolf Gang Puck
Wolfgang Puck Airport,Wolf Gang Puck
Woo Bo - Additional,Woo Bo
Woo Bo Additional,Woo Bo
Wrong Gym,Wrong Gym
Yawara,Yawara
Zest Ubud,Zest Ubud
Zest Ubud Additional,Zest Ubud
Zi Biru,Zi Biru
